TIME,TEMPERATURA,,
2023-01-01T13:00:22.986Z,2,,
2023-01-01T13:01:23.403Z,2,,
2023-01-01T13:02:23.818Z,2,,
2023-01-01T13:03:24.229Z,2,,
2023-01-01T13:04:24.643Z,2,,
2023-01-01T13:05:25.064Z,1,,
2023-01-01T13:06:25.491Z,3,,
2023-01-01T13:07:25.953Z,1,,
2023-01-01T13:08:26.524Z,1,,
2023-01-01T13:09:26.939Z,1,,
2023-01-01T13:10:27.264Z,2,,
2023-01-01T13:11:27.853Z,1,,
2023-01-01T13:12:28.298Z,1,,
2023-01-01T13:13:28.713Z,2,,
2023-01-01T13:14:29.130Z,1,,
2023-01-01T13:15:29.544Z,1,,
2023-01-01T13:16:29.960Z,1,,
2023-01-01T13:17:30.376Z,2,,
2023-01-01T13:18:30.935Z,1,,
2023-01-01T13:19:31.207Z,1,,
2023-01-01T13:20:32.471Z,2,,
2023-01-01T13:21:32.038Z,1,,
2023-01-01T13:22:32.455Z,2,,
2023-01-01T13:23:32.875Z,2,,
2023-01-01T13:24:33.286Z,1,,
2023-01-01T13:25:33.701Z,1,,
2023-01-01T13:26:34.120Z,0,,
2023-01-01T13:27:34.536Z,1,,
2023-01-01T13:28:34.950Z,2,,
2023-01-01T13:29:35.365Z,1,,
2023-01-01T13:30:35.779Z,1,,
2023-01-01T13:31:36.196Z,1,,
2023-01-01T13:32:36.614Z,1,,
2023-01-01T13:33:37.031Z,1,,
2023-01-01T13:34:37.441Z,1,,
2023-01-01T13:35:37.860Z,1,,
2023-01-01T13:36:38.272Z,1,,
2023-01-01T13:37:38.687Z,1,,
2023-01-01T13:38:39.277Z,2,,
2023-01-01T13:39:39.733Z,1,,
2023-01-01T13:40:40.141Z,1,,
2023-01-01T13:41:40.666Z,1,,
2023-01-01T13:42:41.076Z,2,,
2023-01-01T13:43:41.491Z,1,,
2023-01-01T13:44:41.908Z,1,,
2023-01-01T13:45:42.323Z,1,,
2023-01-01T13:46:42.739Z,1,,
2023-01-01T13:47:43.155Z,2,,
2023-01-01T13:48:43.570Z,2,,
2023-01-01T13:49:43.986Z,1,,
2023-01-01T13:50:44.561Z,2,,
2023-01-01T13:51:44.817Z,1,,
2023-01-01T13:52:45.232Z,1,,
2023-01-01T13:53:45.650Z,1,,
2023-01-01T13:54:46.060Z,1,,
2023-01-01T13:55:46.479Z,1,,
2023-01-01T13:56:46.896Z,2,,
2023-01-01T13:57:47.311Z,1,,
2023-01-01T13:58:47.644Z,1,,
2023-01-01T13:59:48.232Z,1,,
2023-01-01T14:00:48.750Z,1,,
2023-01-01T14:01:49.175Z,1,,
2023-01-01T14:02:49.506Z,2,,
2023-01-01T14:03:49.919Z,2,,
2023-01-01T14:04:50.333Z,2,,
2023-01-01T14:05:50.920Z,1,,
2023-01-01T14:06:51.289Z,2,,
2023-01-01T14:07:51.701Z,1,,
2023-01-01T14:08:52.215Z,2,,
2023-01-01T14:09:52.531Z,2,,
2023-01-01T14:10:52.948Z,1,,
2023-01-01T14:11:53.535Z,1,,
2023-01-01T14:12:53.944Z,1,,
2023-01-01T14:13:54.360Z,1,,
2023-01-01T14:14:54.801Z,2,,
2023-01-01T14:15:55.216Z,1,,
2023-01-01T14:16:55.630Z,1,,
2023-01-01T14:17:56.068Z,1,,
2023-01-01T14:18:56.478Z,2,,
2023-01-01T14:19:56.935Z,1,,
2023-01-01T14:20:57.472Z,2,,
2023-01-01T14:21:57.919Z,2,,
2023-01-01T14:22:59.204Z,2,,
2023-01-01T14:23:58.751Z,2,,
2023-01-01T14:24:59.562Z,1,,
2023-01-01T14:25:59.580Z,2,,
2023-01-01T14:27:00.000Z,2,,
2023-01-01T14:28:00.468Z,2,,
2023-01-01T14:29:00.829Z,2,,
2023-01-01T14:30:01.244Z,2,,
2023-01-01T14:31:01.658Z,2,,
2023-01-01T14:32:02.075Z,2,,
2023-01-01T14:33:02.493Z,2,,
2023-01-01T14:34:02.908Z,2,,
2023-01-01T14:35:03.323Z,3,,
2023-01-01T14:36:03.742Z,2,,
2023-01-01T14:37:04.153Z,3,,
2023-01-01T14:38:04.585Z,2,,
2023-01-01T14:39:05.103Z,3,,
2023-01-01T14:40:05.518Z,3,,
2023-01-01T14:41:06.063Z,3,,
2023-01-01T14:42:06.350Z,3,,
2023-01-01T14:43:06.765Z,3,,
2023-01-01T14:44:07.091Z,3,,
2023-01-01T14:45:07.529Z,3,,
2023-01-01T14:46:08.022Z,3,,
2023-01-01T14:47:09.917Z,4,,
2023-01-01T14:50:09.889Z,4,,
2023-01-01T14:51:10.307Z,3,,
2023-01-01T14:52:10.721Z,3,,
2023-01-01T14:53:11.136Z,3,,
2023-01-01T14:54:12.715Z,3,,
2023-01-01T14:55:11.972Z,3,,
2023-01-01T14:56:12.383Z,4,,
2023-01-01T14:57:12.800Z,3,,
2023-01-01T14:58:13.214Z,3,,
2023-01-01T14:59:13.633Z,4,,
2023-01-01T15:00:13.960Z,3,,
2023-01-01T15:01:14.376Z,3,,
2023-01-01T15:02:14.789Z,4,,
2023-01-01T15:03:15.212Z,3,,
2023-01-01T15:04:15.622Z,4,,
2023-01-01T15:05:16.338Z,4,,
2023-01-01T15:06:16.384Z,4,,
2023-01-01T15:07:16.799Z,3,,
2023-01-01T15:08:17.748Z,4,,
2023-01-01T15:09:17.632Z,4,,
2023-01-01T15:10:18.048Z,4,,
2023-01-01T15:11:18.463Z,3,,
2023-01-01T15:12:18.886Z,4,,
2023-01-01T15:13:19.362Z,3,,
2023-01-01T15:14:19.798Z,4,,
2023-01-01T15:15:20.659Z,4,,
2023-01-01T15:16:20.730Z,6,,
2023-01-01T15:17:21.142Z,5,,
2023-01-01T15:18:21.563Z,5,,
2023-01-01T15:19:22.669Z,5,,
2023-01-01T15:20:22.394Z,6,,
2023-01-01T15:21:22.899Z,5,,
2023-01-01T15:22:23.611Z,6,,
2023-01-01T15:23:23.729Z,6,,
2023-01-01T15:24:24.316Z,6,,
2023-01-01T15:25:24.680Z,6,,
2023-01-01T15:26:25.084Z,4,,
2023-01-01T15:27:25.621Z,6,,
2023-01-01T15:28:26.060Z,6,,
2023-01-01T15:29:26.476Z,5,,
2023-01-01T15:30:27.056Z,7,,
2023-01-01T15:31:27.551Z,6,,
2023-01-01T15:32:27.933Z,6,,
2023-01-01T15:33:28.482Z,7,,
2023-01-01T15:34:28.928Z,7,,
2023-01-01T15:35:29.386Z,7,,
2023-01-01T15:36:29.797Z,7,,
2023-01-01T15:37:30.214Z,7,,
2023-01-01T15:38:30.634Z,6,,
2023-01-01T15:39:31.043Z,6,,
2023-01-01T15:40:32.130Z,7,,
2023-01-01T15:41:32.058Z,6,,
2023-01-01T15:42:32.392Z,7,,
2023-01-01T15:43:32.998Z,8,,
2023-01-01T15:44:33.313Z,6,,
2023-01-01T15:45:33.712Z,8,,
2023-01-01T15:46:34.126Z,7,,
2023-01-01T15:47:34.541Z,8,,
2023-01-01T15:48:34.991Z,7,,
2023-01-01T15:49:35.392Z,8,,
2023-01-01T15:50:35.803Z,8,,
2023-01-01T15:51:36.223Z,7,,
2023-01-01T15:52:36.639Z,8,,
2023-01-01T15:53:37.053Z,8,,
2023-01-01T15:54:37.487Z,7,,
2023-01-01T15:55:37.989Z,8,,
2023-01-01T15:56:38.401Z,8,,
2023-01-01T15:57:38.987Z,8,,
2023-01-01T15:58:39.439Z,8,,
2023-01-01T15:59:39.854Z,7,,
2023-01-01T16:00:40.340Z,8,,
2023-01-01T16:01:40.683Z,8,,
2023-01-01T16:02:41.097Z,9,,
2023-01-01T16:03:41.514Z,9,,
2023-01-01T16:04:41.930Z,9,,
2023-01-01T16:05:42.361Z,9,,
2023-01-01T16:06:42.949Z,9,,
2023-01-01T16:07:43.413Z,9,,
2023-01-01T16:08:43.827Z,9,,
2023-01-01T16:09:44.243Z,9,,
2023-01-01T16:10:45.264Z,9,,
2023-01-01T16:11:45.076Z,10,,
2023-01-01T16:12:45.492Z,10,,
2023-01-01T16:13:46.011Z,10,,
2023-01-01T16:14:46.428Z,9,,
2023-01-01T16:15:47.011Z,9,,
2023-01-01T16:16:47.465Z,9,,
2023-01-01T16:17:47.882Z,9,,
2023-01-01T16:18:48.297Z,9,,
2023-01-01T16:19:48.713Z,10,,
2023-01-01T16:20:49.129Z,10,,
2023-01-01T16:21:49.546Z,11,,
2023-01-01T16:22:49.962Z,11,,
2023-01-01T16:23:50.379Z,10,,
2023-01-01T16:24:50.796Z,10,,
2023-01-01T16:25:51.210Z,10,,
2023-01-01T16:26:52.024Z,11,,
2023-01-01T16:27:52.156Z,11,,
2023-01-01T16:28:52.564Z,11,,
2023-01-01T16:29:52.979Z,11,,
2023-01-01T16:30:53.532Z,11,,
2023-01-01T16:31:53.913Z,11,,
2023-01-01T16:32:54.328Z,11,,
2023-01-01T16:33:54.789Z,10,,
2023-01-01T16:34:55.179Z,11,,
2023-01-01T16:35:55.589Z,11,,
2023-01-01T16:36:56.116Z,11,,
2023-01-01T16:37:56.530Z,11,,
2023-01-01T16:38:56.943Z,11,,
2023-01-01T16:39:57.359Z,12,,
2023-01-01T16:40:57.775Z,12,,
2023-01-01T16:41:58.190Z,12,,
2023-01-01T16:42:58.612Z,11,,
2023-01-01T16:43:59.023Z,12,,
2023-01-01T16:44:59.470Z,11,,
2023-01-01T16:45:59.902Z,12,,
2023-01-01T16:47:00.301Z,12,,
2023-01-01T16:48:00.717Z,13,,
2023-01-01T16:49:01.136Z,12,,
2023-01-01T16:50:01.547Z,11,,
2023-01-01T16:51:01.954Z,12,,
2023-01-01T16:52:02.371Z,13,,
2023-01-01T16:53:02.785Z,12,,
2023-01-01T16:54:03.200Z,11,,
2023-01-01T16:55:03.616Z,12,,
2023-01-01T16:56:04.032Z,12,,
2023-01-01T16:57:04.469Z,12,,
2023-01-01T16:58:04.984Z,12,,
2023-01-01T16:59:05.398Z,11,,
2023-01-01T17:00:05.815Z,13,,
2023-01-01T17:01:06.383Z,13,,
2023-01-01T17:02:06.645Z,13,,
2023-01-01T17:03:07.059Z,13,,
2023-01-01T17:04:07.649Z,13,,
2023-01-01T17:05:08.025Z,14,,
2023-01-01T17:06:08.881Z,14,,
2023-01-01T17:07:08.856Z,13,,
2023-01-01T17:08:09.268Z,14,,
2023-01-01T17:09:09.668Z,15,,
2023-01-01T17:10:10.196Z,14,,
2023-01-01T17:11:10.617Z,14,,
2023-01-01T17:12:11.091Z,14,,
2023-01-01T17:13:11.449Z,13,,
2023-01-01T17:14:12.403Z,14,,
2023-01-01T17:15:12.884Z,14,,
2023-01-01T17:16:12.923Z,14,,
2023-01-01T17:17:13.338Z,14,,
2023-01-01T17:18:13.752Z,14,,
2023-01-01T17:19:14.174Z,14,,
2023-01-01T17:20:14.583Z,14,,
2023-01-01T17:21:15.000Z,13,,
2023-01-01T17:22:15.416Z,14,,
2023-01-01T17:23:15.831Z,14,,
2023-01-01T17:24:16.246Z,14,,
2023-01-01T17:25:16.669Z,13,,
2023-01-01T17:26:17.237Z,13,,
2023-01-01T17:27:17.492Z,15,,
2023-01-01T17:28:18.351Z,14,,
2023-01-01T17:29:18.324Z,13,,
2023-01-01T17:30:18.739Z,15,,
2023-01-01T17:31:19.422Z,15,,
2023-01-01T17:32:19.571Z,16,,
2023-01-01T17:33:19.987Z,15,,
2023-01-01T17:34:20.407Z,14,,
2023-01-01T17:35:20.821Z,14,,
2023-01-01T17:36:21.341Z,15,,
2023-01-01T17:37:21.933Z,14,,
2023-01-01T17:38:22.379Z,15,,
2023-01-01T17:39:22.798Z,15,,
2023-01-01T17:40:23.322Z,14,,
2023-01-01T17:41:23.737Z,14,,
2023-01-01T17:42:24.154Z,14,,
2023-01-01T17:43:24.591Z,16,,
2023-01-01T17:44:25.005Z,13,,
2023-01-01T17:45:25.419Z,15,,
2023-01-01T17:46:25.823Z,14,,
2023-01-01T17:47:26.239Z,14,,
2023-01-01T17:48:26.655Z,14,,
2023-01-01T17:49:27.189Z,14,,
2023-01-01T17:50:27.604Z,15,,
2023-01-01T17:51:28.020Z,17,,
2023-01-01T17:52:28.563Z,13,,
2023-01-01T17:53:28.982Z,14,,
2023-01-01T17:54:29.399Z,16,,
2023-01-01T17:55:29.813Z,15,,
2023-01-01T17:56:30.198Z,14,,
2023-01-01T17:57:30.628Z,15,,
2023-01-01T17:58:31.215Z,14,,
2023-01-01T17:59:31.689Z,13,,
2023-01-01T18:00:32.113Z,14,,
2023-01-01T18:01:32.531Z,15,,
2023-01-01T18:02:32.947Z,14,,
2023-01-01T18:03:33.356Z,15,,
2023-01-01T18:04:34.028Z,16,,
2023-01-01T18:05:34.203Z,14,,
2023-01-01T18:06:34.617Z,15,,
2023-01-01T18:07:35.034Z,15,,
2023-01-01T18:08:35.448Z,14,,
2023-01-01T18:09:35.864Z,14,,
2023-01-01T18:10:36.281Z,15,,
2023-01-01T18:11:36.694Z,15,,
2023-01-01T18:12:37.110Z,14,,
2023-01-01T18:13:37.577Z,15,,
2023-01-01T18:14:37.988Z,14,,
2023-01-01T18:15:38.403Z,14,,
2023-01-01T18:16:38.820Z,15,,
2023-01-01T18:17:39.235Z,15,,
2023-01-01T18:18:39.673Z,15,,
2023-01-01T18:19:40.193Z,14,,
2023-01-01T18:20:40.608Z,16,,
2023-01-01T18:21:41.020Z,15,,
2023-01-01T18:22:41.565Z,16,,
2023-01-01T18:23:41.978Z,16,,
2023-01-01T18:24:42.398Z,16,,
2023-01-01T18:25:42.811Z,16,,
2023-01-01T18:26:43.330Z,16,,
2023-01-01T18:27:44.104Z,16,,
2023-01-01T18:28:44.062Z,16,,
2023-01-01T18:29:44.477Z,16,,
2023-01-01T18:30:44.837Z,17,,
2023-01-01T18:31:45.173Z,16,,
2023-01-01T18:32:45.583Z,16,,
2023-01-01T18:33:46.068Z,16,,
2023-01-01T18:34:46.686Z,14,,
2023-01-01T18:35:46.831Z,16,,
2023-01-01T18:36:47.245Z,15,,
2023-01-01T18:37:47.832Z,16,,
2023-01-01T18:38:48.195Z,15,,
2023-01-01T18:39:48.610Z,15,,
2023-01-01T18:40:49.129Z,16,,
2023-01-01T18:41:49.575Z,16,,
2023-01-01T18:42:49.975Z,16,,
2023-01-01T18:43:50.845Z,16,,
2023-01-01T18:44:50.908Z,15,,
2023-01-01T18:45:51.324Z,16,,
2023-01-01T18:46:52.306Z,15,,
2023-01-01T18:47:52.157Z,15,,
2023-01-01T18:48:52.572Z,15,,
2023-01-01T18:49:52.994Z,16,,
2023-01-01T18:50:53.432Z,16,,
2023-01-01T18:51:53.847Z,18,,
2023-01-01T18:52:54.422Z,16,,
2023-01-01T18:53:54.879Z,16,,
2023-01-01T18:54:55.299Z,17,,
2023-01-01T18:55:55.710Z,16,,
2023-01-01T18:56:56.127Z,16,,
2023-01-01T18:57:56.544Z,16,,
2023-01-01T18:58:57.028Z,16,,
2023-01-01T18:59:57.483Z,15,,
2023-01-01T19:00:57.795Z,15,,
2023-01-01T19:01:58.209Z,16,,
2023-01-01T19:02:58.617Z,16,,
2023-01-01T19:03:59.026Z,16,,
2023-01-01T19:04:59.460Z,16,,
2023-01-01T19:05:59.855Z,14,,
2023-01-01T19:07:00.400Z,15,,
2023-01-01T19:08:00.700Z,16,,
2023-01-01T19:09:01.187Z,16,,
2023-01-01T19:10:01.599Z,16,,
2023-01-01T19:11:02.016Z,16,,
2023-01-01T19:12:02.430Z,17,,
2023-01-01T19:13:02.844Z,16,,
2023-01-01T19:14:03.261Z,16,,
2023-01-01T19:15:03.674Z,16,,
2023-01-01T19:16:04.090Z,16,,
2023-01-01T19:17:04.508Z,16,,
2023-01-01T19:18:04.920Z,16,,
2023-01-01T19:19:05.503Z,16,,
2023-01-01T19:20:05.752Z,16,,
2023-01-01T19:21:06.167Z,16,,
2023-01-01T19:22:06.582Z,14,,
2023-01-01T19:23:06.998Z,17,,
2023-01-01T19:24:07.989Z,16,,
2023-01-01T19:25:07.828Z,16,,
2023-01-01T19:26:08.249Z,17,,
2023-01-01T19:27:08.972Z,16,,
2023-01-01T19:28:09.124Z,18,,
2023-01-01T19:29:09.711Z,17,,
2023-01-01T19:30:10.158Z,17,,
2023-01-01T19:31:11.127Z,17,,
2023-01-01T19:32:10.996Z,17,,
2023-01-01T19:33:11.411Z,17,,
2023-01-01T19:34:11.831Z,15,,
2023-01-01T19:35:12.352Z,18,,
2023-01-01T19:36:12.787Z,18,,
2023-01-01T19:37:13.407Z,17,,
2023-01-01T19:38:13.804Z,17,,
2023-01-01T19:39:14.234Z,17,,
2023-01-01T19:40:14.653Z,17,,
2023-01-01T19:41:15.147Z,17,,
2023-01-01T19:42:15.533Z,17,,
2023-01-01T19:43:16.297Z,18,,
2023-01-01T19:44:16.469Z,17,,
2023-01-01T19:45:16.878Z,17,,
2023-01-01T19:46:17.294Z,17,,
2023-01-01T19:47:17.713Z,17,,
2023-01-01T19:48:18.169Z,16,,
2023-01-01T19:49:18.667Z,17,,
2023-01-01T19:50:19.577Z,18,,
2023-01-01T19:51:19.602Z,17,,
2023-01-01T19:52:20.016Z,18,,
2023-01-01T19:53:20.431Z,17,,
2023-01-01T19:54:20.850Z,16,,
2023-01-01T19:55:21.267Z,17,,
2023-01-01T19:56:21.683Z,17,,
2023-01-01T19:57:22.095Z,17,,
2023-01-01T19:58:22.574Z,17,,
2023-01-01T19:59:22.915Z,17,,
2023-01-01T20:00:23.350Z,18,,
2023-01-01T20:01:23.762Z,19,,
2023-01-01T20:02:24.183Z,17,,
2023-01-01T20:03:25.163Z,19,,
2023-01-01T20:04:25.104Z,17,,
2023-01-01T20:05:26.330Z,17,,
2023-01-01T20:06:26.039Z,18,,
2023-01-01T20:07:26.474Z,17,,
2023-01-01T20:08:26.990Z,16,,
2023-01-01T20:09:27.420Z,18,,
2023-01-01T20:10:28.510Z,18,,
2023-01-01T20:11:28.223Z,17,,
2023-01-01T20:12:29.059Z,17,,
2023-01-01T20:13:29.054Z,18,,
2023-01-01T20:14:29.472Z,17,,
2023-01-01T20:15:29.888Z,18,,
2023-01-01T20:16:30.303Z,18,,
2023-01-01T20:17:31.055Z,18,,
2023-01-01T20:18:31.150Z,17,,
2023-01-01T20:19:32.270Z,18,,
2023-01-01T20:20:31.985Z,18,,
2023-01-01T20:21:32.399Z,18,,
2023-01-01T20:22:32.813Z,17,,
2023-01-01T20:23:33.545Z,18,,
2023-01-01T20:24:33.704Z,17,,
2023-01-01T20:25:34.180Z,18,,
2023-01-01T20:26:34.768Z,18,,
2023-01-01T20:27:35.214Z,18,,
2023-01-01T20:28:35.630Z,17,,
2023-01-01T20:29:36.048Z,17,,
2023-01-01T20:30:36.630Z,16,,
2023-01-01T20:31:37.018Z,17,,
2023-01-01T20:32:37.383Z,17,,
2023-01-01T20:33:37.796Z,17,,
2023-01-01T20:34:38.211Z,17,,
2023-01-01T20:35:38.647Z,17,,
2023-01-01T20:36:39.798Z,16,,
2023-01-01T20:37:39.592Z,16,,
2023-01-01T20:38:40.131Z,16,,
2023-01-01T20:39:40.626Z,16,,
2023-01-01T20:40:41.043Z,16,,
2023-01-01T20:41:41.438Z,17,,
2023-01-01T20:42:41.856Z,17,,
2023-01-01T20:43:42.269Z,17,,
2023-01-01T20:44:42.858Z,17,,
2023-01-01T20:45:43.306Z,16,,
2023-01-01T20:46:43.721Z,17,,
2023-01-01T20:47:44.137Z,17,,
2023-01-01T20:48:44.555Z,17,,
2023-01-01T20:49:44.968Z,17,,
2023-01-01T20:50:45.384Z,18,,
2023-01-01T20:51:45.799Z,18,,
2023-01-01T20:52:46.214Z,18,,
2023-01-01T20:53:46.635Z,18,,
2023-01-01T20:54:47.047Z,18,,
2023-01-01T20:55:48.026Z,18,,
2023-01-01T20:56:47.909Z,18,,
2023-01-01T20:57:48.308Z,20,,
2023-01-01T20:58:48.723Z,18,,
2023-01-01T20:59:49.144Z,19,,
2023-01-01T21:00:49.643Z,19,,
2023-01-01T21:01:50.011Z,19,,
2023-01-01T21:02:50.589Z,18,,
2023-01-01T21:03:51.012Z,18,,
2023-01-01T21:04:51.462Z,19,,
2023-01-01T21:05:51.927Z,18,,
2023-01-01T21:06:52.294Z,19,,
2023-01-01T21:07:52.697Z,17,,
2023-01-01T21:08:53.113Z,19,,
2023-01-01T21:09:53.490Z,19,,
2023-01-01T21:10:53.947Z,20,,
2023-01-01T21:11:54.360Z,19,,
2023-01-01T21:12:55.299Z,19,,
2023-01-01T21:13:55.207Z,19,,
2023-01-01T21:14:55.595Z,19,,
2023-01-01T21:15:56.041Z,17,,
2023-01-01T21:16:56.890Z,17,,
2023-01-01T21:17:57.042Z,19,,
2023-01-01T21:18:57.494Z,18,,
2023-01-01T21:19:57.916Z,19,,
2023-01-01T21:20:58.474Z,18,,
2023-01-01T21:21:58.851Z,19,,
2023-01-01T21:22:59.263Z,18,,
2023-01-01T21:23:59.848Z,17,,
2023-01-01T21:25:00.306Z,18,,
2023-01-01T21:26:00.716Z,18,,
2023-01-01T21:27:01.134Z,19,,
2023-01-01T21:28:01.557Z,17,,
2023-01-01T21:29:01.966Z,18,,
2023-01-01T21:30:02.389Z,17,,
2023-01-01T21:31:02.807Z,17,,
2023-01-01T21:32:03.218Z,18,,
2023-01-01T21:33:03.901Z,17,,
2023-01-01T21:34:04.339Z,18,,
2023-01-01T21:35:04.754Z,19,,
2023-01-01T21:36:05.290Z,16,,
2023-01-01T21:37:05.711Z,17,,
2023-01-01T21:38:06.126Z,18,,
2023-01-01T21:39:06.543Z,18,,
2023-01-01T21:40:06.965Z,18,,
2023-01-01T21:41:07.380Z,17,,
2023-01-01T21:42:07.898Z,17,,
2023-01-01T21:43:08.313Z,18,,
2023-01-01T21:44:08.727Z,18,,
2023-01-01T21:45:09.146Z,17,,
2023-01-01T21:46:09.758Z,18,,
2023-01-01T21:47:10.752Z,18,,
2023-01-01T21:48:10.391Z,17,,
2023-01-01T21:49:10.805Z,18,,
2023-01-01T21:50:11.628Z,18,,
2023-01-01T21:51:11.641Z,18,,
2023-01-01T21:52:12.053Z,18,,
2023-01-01T21:53:12.469Z,18,,
2023-01-01T21:54:12.891Z,18,,
2023-01-01T21:55:13.303Z,17,,
2023-01-01T21:56:13.718Z,17,,
2023-01-01T21:57:14.097Z,18,,
2023-01-01T21:58:15.051Z,17,,
2023-01-01T21:59:14.931Z,17,,
2023-01-01T22:00:15.343Z,18,,
2023-01-01T22:01:15.762Z,18,,
2023-01-01T22:02:16.313Z,17,,
2023-01-01T22:03:16.722Z,17,,
2023-01-01T22:04:17.157Z,18,,
2023-01-01T22:05:17.655Z,18,,
2023-01-01T22:06:18.245Z,17,,
2023-01-01T22:07:18.689Z,17,,
2023-01-01T22:08:19.410Z,17,,
2023-01-01T22:09:19.525Z,16,,
2023-01-01T22:10:19.936Z,17,,
2023-01-01T22:11:20.351Z,15,,
2023-01-01T22:12:20.767Z,15,,
2023-01-01T22:13:21.178Z,16,,
2023-01-01T22:14:21.597Z,15,,
2023-01-01T22:15:22.015Z,13,,
2023-01-01T22:16:22.429Z,14,,
2023-01-01T22:17:22.832Z,13,,
2023-01-01T22:18:23.357Z,14,,
2023-01-01T22:19:23.976Z,14,,
2023-01-01T22:20:25.085Z,14,,
2023-01-01T22:21:24.912Z,14,,
2023-01-01T22:22:25.325Z,15,,
2023-01-01T22:23:25.741Z,14,,
2023-01-01T22:24:26.160Z,15,,
2023-01-01T22:25:26.575Z,14,,
2023-01-01T22:26:26.988Z,15,,
2023-01-01T22:27:27.520Z,15,,
2023-01-01T22:28:27.820Z,16,,
2023-01-01T22:29:28.237Z,15,,
2023-01-01T22:30:28.654Z,14,,
2023-01-01T22:31:29.069Z,14,,
2023-01-01T22:32:29.504Z,15,,
2023-01-01T22:33:30.047Z,15,,
2023-01-01T22:34:30.445Z,16,,
2023-01-01T22:35:30.861Z,15,,
2023-01-01T22:36:31.279Z,16,,
2023-01-01T22:37:31.713Z,15,,
2023-01-01T22:38:32.132Z,15,,
2023-01-01T22:39:32.714Z,15,,
2023-01-01T22:40:33.163Z,16,,
2023-01-01T22:41:33.579Z,17,,
2023-01-01T22:42:34.064Z,15,,
2023-01-01T22:43:34.481Z,16,,
2023-01-01T22:44:35.039Z,14,,
2023-01-01T22:45:35.330Z,16,,
2023-01-01T22:46:35.741Z,16,,
2023-01-01T22:47:36.155Z,16,,
2023-01-01T22:48:36.572Z,15,,
2023-01-01T22:49:36.987Z,18,,
2023-01-01T22:50:37.402Z,16,,
2023-01-01T22:51:37.819Z,16,,
2023-01-01T22:52:38.229Z,16,,
2023-01-01T22:53:38.648Z,15,,
2023-01-01T22:54:39.065Z,15,,
2023-01-01T22:55:39.480Z,16,,
2023-01-01T22:56:39.895Z,15,,
2023-01-01T22:57:40.312Z,17,,
2023-01-01T22:58:40.726Z,16,,
2023-01-01T22:59:41.177Z,17,,
2023-01-01T23:00:41.559Z,17,,
2023-01-01T23:01:41.973Z,16,,
2023-01-01T23:02:42.389Z,16,,
2023-01-01T23:03:42.811Z,15,,
2023-01-01T23:04:43.222Z,16,,
2023-01-01T23:05:43.655Z,15,,
2023-01-01T23:06:44.243Z,16,,
2023-01-01T23:07:44.691Z,16,,
2023-01-01T23:08:45.107Z,16,,
2023-01-01T23:09:45.523Z,15,,
2023-01-01T23:10:45.938Z,17,,
2023-01-01T23:11:46.353Z,16,,
2023-01-01T23:12:46.770Z,16,,
2023-01-01T23:13:47.221Z,16,,
2023-01-01T23:14:47.630Z,16,,
2023-01-01T23:15:48.208Z,16,,
2023-01-01T23:16:48.689Z,16,,
2023-01-01T23:17:49.068Z,16,,
2023-01-01T23:18:49.484Z,16,,
2023-01-01T23:19:49.899Z,16,,
2023-01-01T23:20:50.314Z,16,,
2023-01-01T23:21:50.735Z,16,,
2023-01-01T23:22:51.145Z,16,,
2023-01-01T23:23:51.568Z,16,,
2023-01-01T23:24:51.979Z,15,,
2023-01-01T23:25:52.398Z,17,,
2023-01-01T23:26:52.807Z,17,,
2023-01-01T23:27:53.224Z,15,,
2023-01-01T23:28:53.640Z,13,,
2023-01-01T23:29:54.054Z,16,,
2023-01-01T23:30:54.566Z,15,,
2023-01-01T23:31:54.886Z,16,,
2023-01-01T23:32:55.301Z,15,,
2023-01-01T23:33:55.813Z,15,,
2023-01-01T23:34:56.135Z,15,,
2023-01-01T23:35:56.549Z,14,,
2023-01-01T23:36:56.966Z,14,,
2023-01-01T23:37:57.380Z,15,,
2023-01-01T23:38:57.759Z,14,,
2023-01-01T23:39:58.429Z,15,,
2023-01-01T23:40:58.626Z,16,,
2023-01-01T23:41:59.154Z,15,,
2023-01-01T23:42:59.463Z,15,,
2023-01-01T23:43:59.874Z,15,,
2023-01-01T23:45:00.426Z,14,,
2023-01-01T23:46:00.708Z,15,,
2023-01-01T23:47:01.123Z,14,,
2023-01-01T23:48:01.536Z,15,,
2023-01-01T23:49:01.955Z,14,,
2023-01-01T23:50:02.650Z,15,,
2023-01-01T23:51:02.801Z,14,,
2023-01-01T23:52:03.321Z,15,,
2023-01-01T23:53:03.734Z,15,,
2023-01-01T23:54:04.274Z,14,,
2023-01-01T23:55:04.561Z,13,,
2023-01-01T23:56:04.980Z,15,,
2023-01-01T23:57:05.395Z,16,,
2023-01-01T23:58:05.816Z,14,,
2023-01-01T23:59:06.655Z,14,,
2023-01-02T00:00:06.642Z,15,,
2023-01-02T00:01:07.059Z,13,,
2023-01-02T00:02:07.577Z,14,,
2023-01-02T00:03:08.008Z,14,,
2023-01-02T00:04:08.596Z,14,,
2023-01-02T00:05:09.066Z,14,,
2023-01-02T00:06:09.482Z,14,,
2023-01-02T00:07:09.904Z,14,,
2023-01-02T00:08:10.316Z,14,,
2023-01-02T00:09:10.732Z,14,,
2023-01-02T00:10:11.149Z,13,,
2023-01-02T00:11:11.564Z,15,,
2023-01-02T00:12:11.937Z,13,,
2023-01-02T00:13:12.400Z,13,,
2023-01-02T00:14:12.813Z,13,,
2023-01-02T00:15:13.344Z,14,,
2023-01-02T00:16:13.648Z,13,,
2023-01-02T00:17:14.050Z,13,,
2023-01-02T00:18:14.745Z,13,,
2023-01-02T00:19:14.882Z,13,,
2023-01-02T00:20:15.296Z,13,,
2023-01-02T00:21:15.712Z,13,,
2023-01-02T00:22:16.129Z,14,,
2023-01-02T00:23:16.545Z,14,,
2023-01-02T00:24:16.954Z,12,,
2023-01-02T00:25:17.472Z,13,,
2023-01-02T00:26:18.325Z,14,,
2023-01-02T00:27:18.302Z,14,,
2023-01-02T00:28:18.714Z,11,,
2023-01-02T00:29:19.127Z,13,,
2023-01-02T00:30:19.559Z,13,,
2023-01-02T00:31:20.484Z,12,,
2023-01-02T00:32:21.032Z,12,,
2023-01-02T00:33:20.787Z,12,,
2023-01-02T00:34:21.210Z,12,,
2023-01-02T00:35:21.618Z,13,,
2023-01-02T00:36:22.030Z,11,,
2023-01-02T00:37:22.451Z,12,,
2023-01-02T00:38:22.862Z,14,,
2023-01-02T00:39:23.280Z,12,,
2023-01-02T00:40:23.856Z,14,,
2023-01-02T00:41:24.264Z,12,,
2023-01-02T00:42:24.664Z,11,,
2023-01-02T00:43:25.078Z,12,,
2023-01-02T00:44:25.531Z,11,,
2023-01-02T00:45:25.907Z,14,,
2023-01-02T00:46:26.323Z,11,,
2023-01-02T00:47:26.762Z,12,,
2023-01-02T00:48:27.179Z,12,,
2023-01-02T00:49:27.607Z,12,,
2023-01-02T00:50:28.117Z,12,,
2023-01-02T00:51:28.532Z,12,,
2023-01-02T00:52:28.953Z,12,,
2023-01-02T00:53:29.372Z,11,,
2023-01-02T00:54:29.778Z,12,,
2023-01-02T00:55:30.195Z,12,,
2023-01-02T00:56:30.610Z,12,,
2023-01-02T00:57:31.043Z,12,,
2023-01-02T00:58:31.771Z,12,,
2023-01-02T00:59:31.975Z,11,,
2023-01-02T01:00:32.390Z,11,,
2023-01-02T01:01:32.807Z,11,,
2023-01-02T01:02:33.222Z,11,,
2023-01-02T01:03:33.642Z,11,,
2023-01-02T01:04:34.054Z,11,,
2023-01-02T01:05:34.468Z,11,,
2023-01-02T01:06:34.886Z,11,,
2023-01-02T01:07:35.302Z,11,,
2023-01-02T01:08:36.296Z,11,,
2023-01-02T01:09:36.689Z,11,,
2023-01-02T01:10:36.553Z,11,,
2023-01-02T01:11:36.966Z,11,,
2023-01-02T01:12:37.395Z,11,,
2023-01-02T01:13:38.407Z,11,,
2023-01-02T01:14:38.273Z,10,,
2023-01-02T01:15:38.688Z,10,,
2023-01-02T01:16:39.211Z,10,,
2023-01-02T01:17:40.351Z,10,,
2023-01-02T01:18:40.050Z,10,,
2023-01-02T01:19:40.479Z,11,,
2023-01-02T01:20:40.898Z,11,,
2023-01-02T01:21:41.345Z,11,,
2023-01-02T01:22:41.800Z,11,,
2023-01-02T01:23:42.302Z,10,,
2023-01-02T01:24:42.718Z,10,,
2023-01-02T01:25:43.159Z,10,,
2023-01-02T01:26:43.575Z,10,,
2023-01-02T01:27:43.992Z,10,,
2023-01-02T01:28:44.412Z,10,,
2023-01-02T01:29:44.941Z,8,,
2023-01-02T01:30:45.238Z,10,,
2023-01-02T01:31:45.655Z,10,,
2023-01-02T01:32:46.345Z,10,,
2023-01-02T01:33:46.496Z,10,,
2023-01-02T01:34:47.014Z,9,,
2023-01-02T01:35:47.427Z,10,,
2023-01-02T01:36:47.839Z,9,,
2023-01-02T01:37:48.220Z,10,,
2023-01-02T01:38:48.773Z,10,,
2023-01-02T01:39:49.187Z,10,,
2023-01-02T01:40:49.780Z,9,,
2023-01-02T01:41:50.223Z,10,,
2023-01-02T01:42:50.648Z,10,,
2023-01-02T01:43:51.084Z,10,,
2023-01-02T01:44:51.469Z,10,,
2023-01-02T01:45:51.886Z,9,,
2023-01-02T01:46:52.308Z,10,,
2023-01-02T01:47:52.716Z,10,,
2023-01-02T01:48:53.269Z,10,,
2023-01-02T01:49:53.665Z,10,,
2023-01-02T01:50:54.080Z,11,,
2023-01-02T01:51:54.579Z,9,,
2023-01-02T01:52:54.915Z,11,,
2023-01-02T01:53:55.325Z,10,,
2023-01-02T01:54:55.741Z,9,,
2023-01-02T01:55:56.160Z,10,,
2023-01-02T01:56:56.574Z,10,,
2023-01-02T01:57:56.990Z,9,,
2023-01-02T01:58:57.406Z,9,,
2023-01-02T01:59:57.817Z,10,,
2023-01-02T02:00:58.314Z,9,,
2023-01-02T02:01:58.649Z,9,,
2023-01-02T02:02:59.065Z,9,,
2023-01-02T02:03:59.479Z,9,,
2023-01-02T02:04:59.904Z,9,,
2023-01-02T02:06:00.332Z,9,,
2023-01-02T02:07:00.745Z,10,,
2023-01-02T02:08:01.271Z,10,,
2023-01-02T02:09:01.679Z,9,,
2023-01-02T02:10:02.134Z,10,,
2023-01-02T02:11:02.541Z,10,,
2023-01-02T02:12:03.550Z,9,,
2023-01-02T02:13:03.374Z,8,,
2023-01-02T02:14:03.757Z,9,,
2023-01-02T02:15:04.169Z,9,,
2023-01-02T02:16:04.585Z,10,,
2023-01-02T02:17:05.003Z,9,,
2023-01-02T02:18:05.416Z,9,,
2023-01-02T02:19:06.272Z,11,,
2023-01-02T02:20:06.429Z,9,,
2023-01-02T02:21:06.663Z,10,,
2023-01-02T02:22:07.080Z,8,,
2023-01-02T02:23:07.499Z,9,,
2023-01-02T02:24:07.910Z,9,,
2023-01-02T02:25:09.022Z,9,,
2023-01-02T02:26:08.742Z,9,,
2023-01-02T02:27:09.663Z,9,,
2023-01-02T02:28:09.589Z,9,,
2023-01-02T02:29:10.019Z,9,,
2023-01-02T02:30:10.567Z,9,,
2023-01-02T02:31:10.838Z,9,,
2023-01-02T02:32:11.352Z,9,,
2023-01-02T02:33:11.766Z,9,,
2023-01-02T02:34:12.182Z,9,,
2023-01-02T02:35:12.599Z,10,,
2023-01-02T02:36:13.372Z,11,,
2023-01-02T02:37:13.436Z,9,,
2023-01-02T02:38:14.024Z,9,,
2023-01-02T02:39:14.472Z,9,,
2023-01-02T02:40:14.888Z,10,,
2023-01-02T02:41:15.311Z,8,,
2023-01-02T02:42:15.764Z,9,,
2023-01-02T02:43:16.185Z,9,,
2023-01-02T02:44:16.759Z,9,,
2023-01-02T02:45:17.218Z,9,,
2023-01-02T02:46:17.623Z,10,,
2023-01-02T02:47:18.054Z,9,,
2023-01-02T02:48:18.453Z,9,,
2023-01-02T02:49:18.869Z,9,,
2023-01-02T02:50:19.286Z,9,,
2023-01-02T02:51:19.926Z,8,,
2023-01-02T02:52:20.351Z,8,,
2023-01-02T02:53:20.860Z,7,,
2023-01-02T02:54:21.276Z,8,,
2023-01-02T02:55:21.693Z,9,,
2023-01-02T02:56:22.109Z,9,,
2023-01-02T02:57:22.558Z,0,,
2023-01-02T02:58:22.942Z,9,,
2023-01-02T02:59:23.359Z,8,,
2023-01-02T03:00:23.773Z,8,,
2023-01-02T03:01:24.194Z,10,,
2023-01-02T03:02:24.606Z,8,,
2023-01-02T03:03:25.025Z,9,,
2023-01-02T03:04:25.393Z,8,,
2023-01-02T03:05:25.857Z,9,,
2023-01-02T03:06:26.373Z,9,,
2023-01-02T03:07:26.790Z,9,,
2023-01-02T03:08:27.487Z,8,,
2023-01-02T03:09:27.812Z,9,,
2023-01-02T03:10:28.200Z,9,,
2023-01-02T03:11:28.614Z,8,,
2023-01-02T03:12:29.061Z,9,,
2023-01-02T03:13:29.476Z,8,,
2023-01-02T03:14:29.893Z,8,,
2023-01-02T03:15:30.309Z,8,,
2023-01-02T03:16:30.803Z,9,,
2023-01-02T03:17:31.211Z,9,,
2023-01-02T03:18:31.554Z,8,,
2023-01-02T03:19:31.970Z,8,,
2023-01-02T03:20:32.770Z,8,,
2023-01-02T03:21:32.802Z,8,,
2023-01-02T03:22:33.217Z,8,,
2023-01-02T03:23:33.804Z,8,,
2023-01-02T03:24:34.368Z,8,,
2023-01-02T03:25:34.660Z,8,,
2023-01-02T03:26:35.077Z,8,,
2023-01-02T03:27:35.491Z,8,,
2023-01-02T03:28:35.907Z,7,,
2023-01-02T03:29:36.321Z,8,,
2023-01-02T03:30:36.739Z,8,,
2023-01-02T03:31:37.154Z,8,,
2023-01-02T03:32:37.574Z,7,,
2023-01-02T03:33:37.986Z,7,,
2023-01-02T03:34:38.403Z,8,,
2023-01-02T03:35:38.825Z,8,,
2023-01-02T03:36:39.234Z,7,,
2023-01-02T03:37:40.253Z,8,,
2023-01-02T03:38:40.065Z,7,,
2023-01-02T03:39:40.476Z,7,,
2023-01-02T03:40:40.898Z,6,,
2023-01-02T03:41:41.314Z,7,,
2023-01-02T03:42:41.731Z,7,,
2023-01-02T03:43:42.145Z,7,,
2023-01-02T03:44:42.563Z,7,,
2023-01-02T03:45:42.978Z,7,,
2023-01-02T03:46:43.397Z,7,,
2023-01-02T03:47:43.813Z,8,,
2023-01-02T03:48:44.482Z,8,,
2023-01-02T03:49:44.745Z,8,,
2023-01-02T03:50:45.373Z,8,,
2023-01-02T03:51:45.785Z,8,,
2023-01-02T03:52:46.198Z,8,,
2023-01-02T03:53:46.623Z,8,,
2023-01-02T03:54:47.403Z,8,,
2023-01-02T03:55:47.468Z,8,,
2023-01-02T03:56:47.993Z,8,,
2023-01-02T03:57:48.494Z,8,,
2023-01-02T03:58:48.904Z,9,,
2023-01-02T03:59:49.322Z,8,,
2023-01-02T04:00:49.735Z,8,,
2023-01-02T04:01:50.153Z,8,,
2023-01-02T04:02:50.681Z,8,,
2023-01-02T04:03:51.310Z,9,,
2023-01-02T04:04:51.534Z,7,,
2023-01-02T04:05:52.006Z,8,,
2023-01-02T04:06:52.283Z,0,,
2023-01-02T04:07:52.701Z,8,,
2023-01-02T04:08:53.114Z,8,,
2023-01-02T04:09:53.536Z,8,,
2023-01-02T04:10:53.968Z,8,,
2023-01-02T04:11:54.491Z,8,,
2023-01-02T04:12:54.903Z,8,,
2023-01-02T04:13:55.318Z,7,,
2023-01-02T04:14:55.853Z,6,,
2023-01-02T04:15:56.298Z,8,,
2023-01-02T04:16:56.715Z,8,,
2023-01-02T04:17:57.238Z,8,,
2023-01-02T04:18:57.650Z,7,,
2023-01-02T04:19:58.023Z,8,,
2023-01-02T04:20:58.585Z,8,,
2023-01-02T04:21:59.502Z,8,,
2023-01-02T04:22:59.797Z,8,,
2023-01-02T04:23:59.829Z,8,,
2023-01-02T04:25:00.243Z,8,,
2023-01-02T04:26:00.656Z,8,,
2023-01-02T04:27:01.076Z,8,,
2023-01-02T04:28:01.487Z,7,,
2023-01-02T04:29:01.906Z,8,,
2023-01-02T04:30:02.328Z,8,,
2023-01-02T04:31:02.739Z,8,,
2023-01-02T04:32:03.154Z,7,,
2023-01-02T04:33:03.572Z,8,,
2023-01-02T04:34:03.984Z,7,,
2023-01-02T04:35:04.404Z,9,,
2023-01-02T04:36:04.885Z,8,,
2023-01-02T04:37:05.351Z,7,,
2023-01-02T04:38:05.764Z,0,,
2023-01-02T04:39:06.341Z,8,,
2023-01-02T04:40:06.595Z,7,,
2023-01-02T04:41:07.010Z,7,,
2023-01-02T04:42:07.436Z,8,,
2023-01-02T04:43:07.840Z,7,,
2023-01-02T04:44:08.256Z,7,,
2023-01-02T04:45:08.672Z,7,,
2023-01-02T04:46:09.105Z,7,,
2023-01-02T04:47:09.521Z,7,,
2023-01-02T04:48:09.942Z,7,,
2023-01-02T04:49:10.350Z,7,,
2023-01-02T04:50:10.764Z,7,,
2023-01-02T04:51:11.589Z,8,,
2023-01-02T04:52:11.594Z,7,,
2023-01-02T04:53:12.010Z,7,,
2023-01-02T04:54:12.425Z,7,,
2023-01-02T04:55:12.941Z,0,,
2023-01-02T04:56:13.388Z,7,,
2023-01-02T04:57:13.965Z,7,,
2023-01-02T04:58:14.454Z,7,,
2023-01-02T04:59:14.834Z,7,,
2023-01-02T05:00:15.433Z,7,,
2023-01-02T05:01:15.866Z,7,,
2023-01-02T05:02:16.282Z,8,,
2023-01-02T05:03:16.698Z,8,,
2023-01-02T05:04:17.096Z,7,,
2023-01-02T05:05:17.514Z,7,,
2023-01-02T05:06:18.103Z,6,,
2023-01-02T05:07:18.547Z,7,,
2023-01-02T05:08:18.971Z,7,,
2023-01-02T05:09:19.563Z,8,,
2023-01-02T05:10:20.006Z,9,,
2023-01-02T05:11:20.418Z,7,,
2023-01-02T05:12:20.838Z,7,,
2023-01-02T05:13:21.253Z,7,,
2023-01-02T05:14:21.668Z,8,,
2023-01-02T05:15:22.085Z,8,,
2023-01-02T05:16:22.500Z,7,,
2023-01-02T05:17:22.916Z,7,,
2023-01-02T05:18:23.332Z,7,,
2023-01-02T05:19:23.748Z,9,,
2023-01-02T05:20:24.166Z,8,,
2023-01-02T05:21:24.698Z,7,,
2023-01-02T05:22:25.129Z,7,,
2023-01-02T05:23:25.544Z,7,,
2023-01-02T05:24:26.140Z,7,,
2023-01-02T05:25:26.583Z,7,,
2023-01-02T05:26:27.191Z,7,,
2023-01-02T05:27:27.915Z,7,,
2023-01-02T05:28:28.029Z,7,,
2023-01-02T05:29:28.430Z,7,,
2023-01-02T05:30:29.022Z,6,,
2023-01-02T05:31:29.468Z,7,,
2023-01-02T05:32:29.898Z,7,,
2023-01-02T05:33:30.481Z,7,,
2023-01-02T05:34:30.933Z,7,,
2023-01-02T05:35:31.346Z,7,,
2023-01-02T05:36:31.762Z,6,,
2023-01-02T05:37:32.176Z,6,,
2023-01-02T05:38:32.591Z,6,,
2023-01-02T05:39:33.178Z,6,,
2023-01-02T05:40:33.633Z,6,,
2023-01-02T05:41:34.073Z,6,,
2023-01-02T05:42:34.489Z,6,,
2023-01-02T05:43:34.903Z,6,,
2023-01-02T05:44:35.318Z,6,,
2023-01-02T05:45:35.738Z,6,,
2023-01-02T05:46:36.398Z,5,,
2023-01-02T05:47:36.670Z,6,,
2023-01-02T05:48:37.258Z,6,,
2023-01-02T05:49:37.706Z,6,,
2023-01-02T05:50:38.093Z,6,,
2023-01-02T05:51:38.438Z,5,,
2023-01-02T05:52:38.959Z,5,,
2023-01-02T05:53:39.268Z,5,,
2023-01-02T05:54:39.857Z,5,,
2023-01-02T05:55:40.304Z,6,,
2023-01-02T05:56:41.208Z,5,,
2023-01-02T05:57:41.159Z,5,,
2023-01-02T05:58:41.728Z,5,,
2023-01-02T05:59:42.032Z,5,,
2023-01-02T06:00:42.559Z,5,,
2023-01-02T06:01:42.966Z,5,,
2023-01-02T06:02:43.381Z,5,,
2023-01-02T06:03:43.798Z,5,,
2023-01-02T06:04:44.220Z,5,,
2023-01-02T06:05:44.629Z,5,,
2023-01-02T06:06:45.101Z,6,,
2023-01-02T06:07:45.521Z,6,,
2023-01-02T06:08:45.924Z,6,,
2023-01-02T06:09:46.598Z,6,,
2023-01-02T06:10:47.392Z,6,,
2023-01-02T06:11:47.463Z,6,,
2023-01-02T06:12:47.877Z,6,,
2023-01-02T06:13:48.294Z,4,,
2023-01-02T06:14:48.729Z,6,,
2023-01-02T06:15:49.200Z,6,,
2023-01-02T06:16:49.664Z,7,,
2023-01-02T06:17:50.285Z,6,,
2023-01-02T06:18:50.717Z,6,,
2023-01-02T06:19:51.126Z,6,,
2023-01-02T06:20:51.746Z,7,,
2023-01-02T06:21:52.988Z,7,,
2023-01-02T06:22:52.884Z,6,,
2023-01-02T06:23:53.300Z,6,,
2023-01-02T06:24:53.822Z,6,,
2023-01-02T06:25:54.233Z,7,,
2023-01-02T06:26:54.651Z,6,,
2023-01-02T06:27:55.065Z,6,,
2023-01-02T06:28:55.479Z,6,,
2023-01-02T06:29:56.020Z,6,,
2023-01-02T06:30:56.801Z,6,,
2023-01-02T06:31:56.729Z,6,,
2023-01-02T06:32:57.144Z,6,,
2023-01-02T06:33:57.990Z,7,,
2023-01-02T06:34:58.503Z,7,,
2023-01-02T06:35:58.431Z,6,,
2023-01-02T06:36:59.004Z,6,,
2023-01-02T06:37:59.445Z,6,,
2023-01-02T06:38:59.856Z,6,,
2023-01-02T06:40:00.435Z,6,,
2023-01-02T06:41:00.895Z,6,,
2023-01-02T06:42:01.313Z,6,,
2023-01-02T06:43:01.730Z,6,,
2023-01-02T06:44:02.148Z,6,,
2023-01-02T06:45:02.564Z,6,,
2023-01-02T06:46:02.981Z,6,,
2023-01-02T06:47:03.382Z,6,,
2023-01-02T06:48:04.395Z,7,,
2023-01-02T06:49:04.232Z,6,,
2023-01-02T06:50:04.649Z,6,,
2023-01-02T06:51:05.890Z,6,,
2023-01-02T06:52:05.594Z,0,,
2023-01-02T06:53:06.011Z,6,,
2023-01-02T06:54:06.803Z,6,,
2023-01-02T06:55:06.849Z,5,,
2023-01-02T06:56:07.259Z,6,,
2023-01-02T06:57:07.676Z,7,,
2023-01-02T06:58:08.091Z,5,,
2023-01-02T06:59:08.506Z,5,,
2023-01-02T07:00:08.922Z,6,,
2023-01-02T07:01:09.338Z,6,,
2023-01-02T07:02:09.754Z,6,,
2023-01-02T07:03:10.169Z,7,,
2023-01-02T07:04:10.757Z,6,,
2023-01-02T07:05:11.377Z,6,,
2023-01-02T07:06:11.674Z,7,,
2023-01-02T07:07:12.091Z,6,,
2023-01-02T07:08:12.502Z,6,,
2023-01-02T07:09:12.916Z,6,,
2023-01-02T07:10:13.335Z,7,,
2023-01-02T07:11:13.749Z,6,,
2023-01-02T07:12:14.225Z,6,,
2023-01-02T07:13:14.582Z,7,,
2023-01-02T07:14:15.037Z,7,,
2023-01-02T07:15:15.540Z,7,,
2023-01-02T07:16:15.971Z,7,,
2023-01-02T07:17:16.369Z,7,,
2023-01-02T07:18:16.802Z,6,,
2023-01-02T07:19:17.670Z,6,,
2023-01-02T07:20:17.616Z,7,,
2023-01-02T07:21:18.030Z,7,,
2023-01-02T07:22:18.448Z,6,,
2023-01-02T07:23:18.861Z,6,,
2023-01-02T07:24:19.249Z,7,,
2023-01-02T07:25:19.724Z,6,,
2023-01-02T07:26:20.393Z,7,,
2023-01-02T07:27:20.672Z,8,,
2023-01-02T07:28:21.190Z,7,,
2023-01-02T07:29:21.605Z,6,,
2023-01-02T07:30:22.402Z,6,,
2023-01-02T07:31:22.436Z,6,,
2023-01-02T07:32:22.848Z,7,,
2023-01-02T07:33:23.642Z,7,,
2023-01-02T07:34:23.683Z,7,,
2023-01-02T07:35:24.100Z,6,,
2023-01-02T07:36:24.838Z,7,,
2023-01-02T07:37:24.950Z,7,,
2023-01-02T07:38:25.350Z,7,,
2023-01-02T07:39:26.144Z,7,,
2023-01-02T07:40:26.786Z,0,,
2023-01-02T07:41:27.110Z,7,,
2023-01-02T07:42:27.543Z,7,,
2023-01-02T07:43:28.063Z,7,,
2023-01-02T07:44:28.481Z,8,,
2023-01-02T07:45:28.893Z,7,,
2023-01-02T07:46:29.313Z,7,,
2023-01-02T07:47:30.004Z,7,,
2023-01-02T07:48:31.140Z,7,,
2023-01-02T07:49:30.476Z,7,,
2023-01-02T07:50:31.165Z,6,,
2023-01-02T07:51:31.418Z,7,,
2023-01-02T07:52:31.957Z,7,,
2023-01-02T07:53:32.132Z,7,,
2023-01-02T07:54:32.547Z,6,,
2023-01-02T07:55:33.352Z,6,,
2023-01-02T07:56:33.428Z,7,,
2023-01-02T07:57:34.367Z,7,,
2023-01-02T07:58:34.452Z,7,,
2023-01-02T07:59:34.878Z,6,,
2023-01-02T08:00:35.294Z,6,,
2023-01-02T08:01:35.709Z,6,,
2023-01-02T08:02:36.129Z,6,,
2023-01-02T08:03:36.550Z,5,,
2023-01-02T08:04:37.072Z,6,,
2023-01-02T08:05:37.480Z,7,,
2023-01-02T08:06:37.893Z,6,,
2023-01-02T08:07:38.330Z,6,,
2023-01-02T08:08:38.742Z,6,,
2023-01-02T08:09:39.154Z,6,,
2023-01-02T08:10:39.575Z,6,,
2023-01-02T08:11:39.973Z,6,,
2023-01-02T08:12:40.389Z,6,,
2023-01-02T08:13:40.908Z,6,,
2023-01-02T08:14:41.314Z,6,,
2023-01-02T08:15:41.738Z,6,,
2023-01-02T08:16:42.155Z,6,,
2023-01-02T08:17:42.590Z,6,,
2023-01-02T08:18:43.003Z,0,,
2023-01-02T08:19:43.599Z,5,,
2023-01-02T08:20:44.038Z,6,,
2023-01-02T08:21:44.420Z,6,,
2023-01-02T08:22:44.872Z,6,,
2023-01-02T08:23:45.388Z,6,,
2023-01-02T08:24:45.805Z,5,,
2023-01-02T08:25:46.398Z,6,,
2023-01-02T08:26:46.840Z,5,,
2023-01-02T08:27:47.256Z,5,,
2023-01-02T08:28:47.674Z,6,,
2023-01-02T08:29:48.123Z,5,,
2023-01-02T08:30:48.502Z,6,,
2023-01-02T08:31:48.930Z,5,,
2023-01-02T08:32:49.334Z,5,,
2023-01-02T08:33:49.751Z,6,,
2023-01-02T08:34:50.166Z,5,,
2023-01-02T08:35:50.600Z,5,,
2023-01-02T08:36:51.098Z,7,,
2023-01-02T08:37:51.737Z,5,,
2023-01-02T08:38:52.134Z,5,,
2023-01-02T08:39:52.549Z,5,,
2023-01-02T08:40:53.095Z,5,,
2023-01-02T08:41:53.396Z,6,,
2023-01-02T08:42:53.957Z,6,,
2023-01-02T08:43:54.337Z,6,,
2023-01-02T08:44:54.746Z,5,,
2023-01-02T08:45:55.161Z,5,,
2023-01-02T08:46:55.578Z,5,,
2023-01-02T08:47:55.992Z,6,,
2023-01-02T08:48:56.409Z,5,,
2023-01-02T08:49:57.275Z,5,,
2023-01-02T08:50:57.240Z,0,,
2023-01-02T08:51:57.655Z,6,,
2023-01-02T08:52:58.072Z,6,,
2023-01-02T08:53:58.606Z,6,,
2023-01-02T08:54:58.903Z,5,,
2023-01-02T08:55:59.319Z,4,,
2023-01-02T08:56:59.749Z,5,,
2023-01-02T08:58:00.167Z,5,,
2023-01-02T08:59:00.718Z,6,,
2023-01-02T09:00:01.132Z,4,,
2023-01-02T09:01:01.546Z,5,,
2023-01-02T09:02:01.967Z,6,,
2023-01-02T09:03:02.381Z,5,,
2023-01-02T09:04:02.794Z,5,,
2023-01-02T09:05:03.211Z,6,,
2023-01-02T09:06:03.633Z,5,,
2023-01-02T09:07:04.044Z,5,,
2023-01-02T09:08:04.459Z,6,,
2023-01-02T09:09:04.877Z,5,,
2023-01-02T09:10:05.291Z,5,,
2023-01-02T09:11:05.737Z,5,,
2023-01-02T09:12:06.226Z,4,,
2023-01-02T09:13:06.642Z,4,,
2023-01-02T09:14:07.221Z,4,,
2023-01-02T09:15:07.630Z,5,,
2023-01-02T09:16:08.079Z,4,,
2023-01-02T09:17:08.515Z,4,,
2023-01-02T09:18:08.909Z,4,,
2023-01-02T09:19:09.297Z,5,,
2023-01-02T09:20:09.919Z,4,,
2023-01-02T09:21:10.361Z,4,,
2023-01-02T09:22:10.774Z,5,,
2023-01-02T09:23:11.294Z,5,,
2023-01-02T09:24:11.707Z,5,,
2023-01-02T09:25:12.123Z,4,,
2023-01-02T09:26:12.539Z,4,,
2023-01-02T09:27:12.954Z,5,,
2023-01-02T09:28:13.370Z,4,,
2023-01-02T09:29:13.787Z,4,,
2023-01-02T09:30:14.201Z,5,,
2023-01-02T09:31:15.132Z,4,,
2023-01-02T09:32:15.033Z,4,,
2023-01-02T09:33:15.447Z,4,,
2023-01-02T09:34:15.860Z,4,,
2023-01-02T09:35:16.275Z,4,,
2023-01-02T09:36:16.689Z,5,,
2023-01-02T09:37:17.103Z,4,,
2023-01-02T09:38:17.529Z,5,,
2023-01-02T09:39:17.993Z,5,,
2023-01-02T09:40:18.349Z,5,,
2023-01-02T09:41:18.763Z,5,,
2023-01-02T09:42:19.176Z,4,,
2023-01-02T09:43:19.591Z,5,,
2023-01-02T09:44:20.011Z,5,,
2023-01-02T09:45:20.418Z,5,,
2023-01-02T09:46:20.838Z,4,,
2023-01-02T09:47:21.259Z,4,,
2023-01-02T09:48:21.668Z,4,,
2023-01-02T09:49:22.096Z,3,,
2023-01-02T09:50:22.627Z,3,,
2023-01-02T09:51:22.925Z,4,,
2023-01-02T09:52:23.340Z,3,,
2023-01-02T09:53:23.758Z,3,,
2023-01-02T09:54:24.765Z,3,,
2023-01-02T09:55:24.588Z,3,,
2023-01-02T09:56:25.006Z,4,,
2023-01-02T09:57:25.416Z,2,,
2023-01-02T09:58:25.831Z,3,,
2023-01-02T09:59:26.250Z,2,,
2023-01-02T10:00:26.664Z,3,,
2023-01-02T10:01:27.217Z,3,,
2023-01-02T10:02:27.494Z,3,,
2023-01-02T10:03:27.910Z,3,,
2023-01-02T10:04:28.352Z,3,,
2023-01-02T10:05:28.748Z,3,,
2023-01-02T10:06:29.164Z,3,,
2023-01-02T10:07:29.588Z,4,,
2023-01-02T10:08:30.108Z,3,,
2023-01-02T10:09:30.647Z,3,,
2023-01-02T10:10:30.954Z,1,,
2023-01-02T10:11:31.500Z,3,,
2023-01-02T10:12:31.880Z,3,,
2023-01-02T10:13:32.331Z,2,,
2023-01-02T10:14:32.921Z,3,,
2023-01-02T10:15:33.378Z,3,,
2023-01-02T10:16:33.787Z,4,,
2023-01-02T10:17:34.310Z,4,,
2023-01-02T10:18:34.723Z,4,,
2023-01-02T10:19:35.243Z,4,,
2023-01-02T10:20:35.826Z,4,,
2023-01-02T10:21:36.288Z,4,,
2023-01-02T10:22:36.709Z,3,,
2023-01-02T10:23:37.123Z,3,,
2023-01-02T10:24:37.539Z,3,,
2023-01-02T10:25:37.954Z,4,,
2023-01-02T10:26:38.370Z,2,,
2023-01-02T10:27:38.786Z,3,,
2023-01-02T10:28:39.202Z,4,,
2023-01-02T10:29:39.618Z,3,,
2023-01-02T10:30:40.088Z,3,,
2023-01-02T10:31:40.504Z,4,,
2023-01-02T10:32:40.926Z,2,,
2023-01-02T10:33:41.337Z,3,,
2023-01-02T10:34:41.753Z,2,,
2023-01-02T10:35:42.192Z,4,,
2023-01-02T10:36:42.587Z,3,,
2023-01-02T10:37:43.007Z,3,,
2023-01-02T10:38:43.595Z,2,,
2023-01-02T10:39:44.046Z,3,,
2023-01-02T10:40:44.460Z,3,,
2023-01-02T10:41:45.047Z,3,,
2023-01-02T10:42:45.495Z,3,,
2023-01-02T10:43:45.926Z,4,,
2023-01-02T10:44:46.346Z,3,,
2023-01-02T10:45:46.773Z,4,,
2023-01-02T10:46:47.206Z,4,,
2023-01-02T10:47:47.784Z,2,,
2023-01-02T10:48:48.225Z,3,,
2023-01-02T10:49:48.641Z,3,,
2023-01-02T10:50:49.061Z,3,,
2023-01-02T10:51:49.458Z,3,,
2023-01-02T10:52:49.912Z,3,,
2023-01-02T10:53:50.289Z,3,,
2023-01-02T10:54:50.704Z,2,,
2023-01-02T10:55:51.120Z,3,,
2023-01-02T10:56:52.098Z,3,,
2023-01-02T10:57:51.953Z,3,,
2023-01-02T10:58:52.384Z,2,,
2023-01-02T10:59:52.969Z,2,,
2023-01-02T11:00:53.421Z,3,,
2023-01-02T11:01:53.836Z,3,,
2023-01-02T11:02:54.253Z,3,,
2023-01-02T11:03:54.691Z,2,,
2023-01-02T11:04:55.083Z,3,,
2023-01-02T11:05:55.501Z,4,,
2023-01-02T11:06:55.915Z,3,,
2023-01-02T11:07:56.330Z,3,,
2023-01-02T11:08:57.390Z,3,,
2023-01-02T11:09:57.161Z,2,,
2023-01-02T11:10:57.575Z,4,,
2023-01-02T11:11:57.994Z,3,,
2023-01-02T11:12:58.406Z,3,,
2023-01-02T11:13:58.887Z,0,,
2023-01-02T11:14:59.253Z,3,,
2023-01-02T11:15:59.669Z,3,,
2023-01-02T11:17:00.107Z,2,,
2023-01-02T11:18:00.527Z,3,,
2023-01-02T11:19:00.938Z,4,,
2023-01-02T11:20:01.355Z,3,,
2023-01-02T11:21:01.772Z,3,,
2023-01-02T11:22:02.186Z,3,,
2023-01-02T11:23:02.607Z,3,,
2023-01-02T11:24:03.139Z,2,,
2023-01-02T11:25:03.554Z,3,,
2023-01-02T11:26:03.970Z,3,,
2023-01-02T11:27:04.440Z,3,,
2023-01-02T11:28:04.844Z,2,,
2023-01-02T11:29:05.261Z,3,,
2023-01-02T11:30:05.846Z,3,,
2023-01-02T11:31:06.297Z,3,,
2023-01-02T11:32:06.711Z,3,,
2023-01-02T11:33:07.129Z,3,,
2023-01-02T11:34:07.546Z,4,,
2023-01-02T11:35:07.962Z,3,,
2023-01-02T11:36:08.481Z,2,,
2023-01-02T11:37:08.897Z,4,,
2023-01-02T11:38:09.314Z,3,,
2023-01-02T11:39:09.832Z,3,,
2023-01-02T11:40:10.268Z,3,,
2023-01-02T11:41:10.705Z,3,,
2023-01-02T11:42:11.223Z,3,,
2023-01-02T11:43:11.642Z,2,,
2023-01-02T11:44:12.063Z,3,,
2023-01-02T11:45:12.641Z,3,,
2023-01-02T11:46:13.054Z,2,,
2023-01-02T11:47:13.471Z,2,,
2023-01-02T11:48:13.989Z,4,,
2023-01-02T11:49:14.408Z,2,,
2023-01-02T11:50:14.832Z,2,,
2023-01-02T11:51:15.355Z,2,,
2023-01-02T11:52:15.764Z,3,,
2023-01-02T11:53:16.194Z,3,,
2023-01-02T11:54:16.838Z,3,,
2023-01-02T11:55:17.030Z,2,,
2023-01-02T11:56:17.659Z,2,,
2023-01-02T11:57:17.883Z,3,,
2023-01-02T11:58:18.296Z,2,,
2023-01-02T11:59:18.797Z,3,,
2023-01-02T12:00:19.388Z,3,,
2023-01-02T12:01:19.836Z,3,,
2023-01-02T12:02:20.247Z,2,,
2023-01-02T12:03:20.686Z,2,,
2023-01-02T12:04:21.080Z,2,,
2023-01-02T12:05:21.495Z,3,,
2023-01-02T12:06:21.913Z,3,,
2023-01-02T12:07:22.312Z,2,,
2023-01-02T12:08:22.728Z,2,,
2023-01-02T12:09:23.219Z,3,,
2023-01-02T12:10:23.663Z,3,,
2023-01-02T12:11:24.077Z,3,,
2023-01-02T12:12:24.664Z,2,,
2023-01-02T12:13:25.134Z,3,,
2023-01-02T12:14:25.544Z,2,,
2023-01-02T12:15:26.137Z,3,,
2023-01-02T12:16:26.583Z,3,,
2023-01-02T12:17:27.003Z,3,,
2023-01-02T12:18:27.415Z,3,,
2023-01-02T12:19:27.832Z,3,,
2023-01-02T12:20:28.286Z,4,,
2023-01-02T12:21:28.695Z,4,,
2023-01-02T12:22:29.095Z,4,,
2023-01-02T12:23:29.509Z,4,,
2023-01-02T12:24:29.926Z,4,,
2023-01-02T12:25:30.341Z,4,,
2023-01-02T12:26:30.757Z,4,,
2023-01-02T12:27:31.174Z,4,,
2023-01-02T12:28:31.589Z,5,,
2023-01-02T12:29:32.005Z,4,,
2023-01-02T12:30:32.422Z,4,,
2023-01-02T12:31:32.868Z,4,,
2023-01-02T12:32:33.927Z,5,,
2023-01-02T12:33:33.862Z,4,,
2023-01-02T12:34:34.276Z,4,,
2023-01-02T12:35:34.699Z,4,,
2023-01-02T12:36:35.109Z,4,,
2023-01-02T12:37:35.526Z,5,,
2023-01-02T12:38:35.945Z,5,,
2023-01-02T12:39:36.364Z,5,,
2023-01-02T12:40:36.773Z,4,,
2023-01-02T12:41:37.198Z,5,,
2023-01-02T12:42:37.790Z,4,,
2023-01-02T12:43:38.236Z,5,,
2023-01-02T12:44:38.644Z,4,,
2023-01-02T12:45:39.199Z,5,,
2023-01-02T12:46:39.474Z,4,,
2023-01-02T12:47:39.903Z,5,,
2023-01-02T12:48:40.418Z,4,,
2023-01-02T12:49:40.848Z,4,,
2023-01-02T12:50:41.280Z,4,,
2023-01-02T12:51:41.799Z,4,,
2023-01-02T12:52:42.198Z,4,,
2023-01-02T12:53:42.612Z,5,,
2023-01-02T12:54:43.028Z,4,,
2023-01-02T12:55:43.442Z,4,,
2023-01-02T12:56:43.858Z,4,,
2023-01-02T12:57:44.397Z,4,,
2023-01-02T12:58:44.812Z,4,,
2023-01-02T12:59:45.232Z,4,,
2023-01-02T13:00:45.762Z,4,,
2023-01-02T13:01:46.171Z,4,,
2023-01-02T13:02:46.652Z,4,,
2023-01-02T13:03:47.063Z,4,,
2023-01-02T13:04:47.481Z,4,,
2023-01-02T13:05:47.929Z,4,,
2023-01-02T13:06:48.313Z,5,,
2023-01-02T13:07:48.727Z,4,,
2023-01-02T13:08:49.145Z,4,,
2023-01-02T13:09:49.559Z,5,,
2023-01-02T13:10:49.983Z,4,,
2023-01-02T13:11:50.399Z,4,,
2023-01-02T13:12:50.802Z,3,,
2023-01-02T13:13:51.223Z,4,,
2023-01-02T13:14:51.637Z,4,,
2023-01-02T13:15:52.058Z,4,,
2023-01-02T13:16:52.722Z,4,,
2023-01-02T13:17:53.576Z,4,,
2023-01-02T13:18:53.313Z,4,,
2023-01-02T13:19:53.716Z,4,,
2023-01-02T13:20:54.206Z,4,,
2023-01-02T13:21:54.549Z,3,,
2023-01-02T13:22:54.969Z,3,,
2023-01-02T13:23:55.396Z,3,,
2023-01-02T13:24:56.089Z,4,,
2023-01-02T13:25:56.566Z,3,,